question,answer
"Apa alamat rumah sakit ini?","Alamat rumah sakit kami adalah Jl. Jenderal Sudirman No. 123, Kota Jakarta."
"Apakah rumah sakit ini memiliki layanan gawat darurat?","Ya, kami memiliki layanan gawat darurat 24/7."
"Bagaimana saya bisa membuat janji temu dengan dokter?","Anda dapat membuat janji temu dengan dokter kami melalui situs web kami atau menghubungi pusat layanan pelanggan kami di nomor 123-456-789."
"Berapa biaya untuk konsultasi dokter umum?","Biaya konsultasi dokter umum kami adalah Rp 200.000."
"Apa jam operasional apotek di rumah sakit?","Apotek kami buka dari pukul 08.00 pagi hingga 10.00 malam setiap hari."
"Apakah rumah sakit ini menerima asuransi kesehatan?","Kami menerima berbagai jenis asuransi kesehatan. Silakan hubungi kami untuk informasi lebih lanjut."
"Apa saja spesialisasi dokter yang tersedia di rumah sakit ini?","Kami memiliki berbagai spesialisasi dokter, termasuk kardiologi, bedah umum, ortopedi, dan banyak lagi."
"Bagaimana saya bisa menghubungi departemen keuangan?","Anda dapat menghubungi departemen keuangan kami di nomor 987-654-321 atau mengirimkan email ke finance@example.com."
"Apakah ada fasilitas parkir di rumah sakit?","Ya, kami memiliki fasilitas parkir yang luas untuk pengunjung rumah sakit."
"Apakah rumah sakit ini memiliki kamar rawat inap?","Kami memiliki kamar rawat inap yang nyaman untuk pasien yang memerlukan perawatan lebih lanjut."
"Apa nomor telepon rumah sakit ini?","Nomor telepon rumah sakit kami adalah 021-555-1234."
"Apakah rumah sakit ini memiliki fasilitas MRI?","Ya, kami memiliki fasilitas MRI yang canggih untuk kebutuhan diagnosa pasien."
"Bagaimana prosedur pendaftaran pasien baru?","Pasien baru dapat mendaftar melalui loket pendaftaran di rumah sakit atau melalui situs web kami."
"Apa saja jenis operasi yang bisa dilakukan di rumah sakit ini?","Kami dapat melakukan berbagai jenis operasi, termasuk operasi jantung, ortopedi, dan bedah saraf."
"Apakah rumah sakit ini menyediakan layanan ambulans?","Ya, kami menyediakan layanan ambulans 24/7 untuk keadaan darurat."
"Apakah rumah sakit ini memiliki klinik gigi?","Kami memiliki klinik gigi dengan dokter gigi yang berpengalaman."
"Berapa biaya untuk rawat inap per malam?","Biaya rawat inap per malam bervariasi tergantung jenis kamar, mulai dari Rp 500.000."
"Bagaimana cara mendapatkan rekam medis saya?","Anda dapat meminta salinan rekam medis Anda dengan menghubungi departemen rekam medis kami."
"Apakah ada layanan konsultasi online dengan dokter?","Ya, kami menyediakan layanan konsultasi online melalui aplikasi kesehatan kami."
"Apakah rumah sakit ini menyediakan vaksinasi?","Kami menyediakan berbagai jenis vaksinasi, termasuk vaksinasi anak dan dewasa."
"Bagaimana cara mendapatkan informasi tentang kesehatan di rumah sakit ini?","Anda dapat mengunjungi pusat informasi kesehatan di lantai 1 rumah sakit kami."
"Apakah rumah sakit ini memiliki program kesehatan untuk lansia?","Kami memiliki program kesehatan khusus untuk lansia, termasuk pemeriksaan rutin dan fisioterapi."
"Apakah ada layanan rehabilitasi di rumah sakit ini?","Ya, kami memiliki layanan rehabilitasi untuk pasien pasca operasi atau cedera."
"Apakah rumah sakit ini menyediakan layanan fisioterapi?","Kami menyediakan layanan fisioterapi dengan terapis yang berpengalaman."
"Apa saja fasilitas yang tersedia di kamar rawat inap?","Kamar rawat inap kami dilengkapi dengan TV, AC, dan kamar mandi pribadi."
"Apakah ada layanan makanan khusus untuk pasien?","Kami menyediakan layanan makanan khusus sesuai dengan kebutuhan diet pasien."
"Bagaimana saya bisa mengetahui jadwal dokter?","Jadwal dokter dapat dilihat di situs web kami atau dengan menghubungi pusat layanan pelanggan."
"Apakah rumah sakit ini memiliki program kesehatan anak?","Kami memiliki program kesehatan anak yang mencakup imunisasi, pemeriksaan rutin, dan konsultasi gizi."
"Apakah ada layanan pengambilan sampel darah di rumah sakit ini?","Kami menyediakan layanan pengambilan sampel darah untuk keperluan laboratorium."
"Apakah rumah sakit ini memiliki dokter spesialis anak?","Ya, kami memiliki dokter spesialis anak yang berpengalaman."
"Bagaimana cara mendapatkan resep obat dari dokter?","Resep obat dapat diambil di apotek rumah sakit kami setelah konsultasi dengan dokter."
"Apakah rumah sakit ini menyediakan layanan psikologi?","Kami memiliki layanan psikologi untuk membantu pasien dengan masalah mental dan emosional."
"Apakah ada layanan pemeriksaan kesehatan rutin di rumah sakit ini?","Kami menyediakan layanan pemeriksaan kesehatan rutin untuk semua usia."
"Apakah rumah sakit ini memiliki fasilitas ruang ICU?","Ya, kami memiliki fasilitas ruang ICU dengan peralatan medis yang lengkap."
"Apakah ada layanan konsultasi gizi di rumah sakit ini?","Kami menyediakan layanan konsultasi gizi untuk membantu pasien mencapai pola makan yang sehat."
"Bagaimana saya bisa mendapatkan informasi tentang biaya perawatan?","Informasi tentang biaya perawatan dapat diperoleh dengan menghubungi pusat layanan pelanggan kami."
"Apakah rumah sakit ini memiliki program penanganan diabetes?","Kami memiliki program penanganan diabetes yang mencakup konsultasi dokter dan pengelolaan diet."
"Apakah ada layanan konsultasi sebelum operasi di rumah sakit ini?","Ya, kami menyediakan layanan konsultasi sebelum operasi untuk persiapan pasien."
"Apakah rumah sakit ini menyediakan layanan perawatan luka?","Kami menyediakan layanan perawatan luka dengan tim medis yang terlatih."
"Bagaimana cara mendapatkan hasil tes laboratorium?","Hasil tes laboratorium dapat diambil di loket laboratorium atau diakses secara online."
"Apakah ada program imunisasi di rumah sakit ini?","Kami memiliki program imunisasi yang mencakup berbagai jenis vaksin untuk anak dan dewasa."
"Apakah rumah sakit ini memiliki klinik mata?","Kami memiliki klinik mata dengan dokter spesialis mata yang berpengalaman."
"Apa saja layanan kesehatan yang ditawarkan oleh rumah sakit ini?","Kami menawarkan berbagai layanan kesehatan, termasuk konsultasi dokter, operasi, dan rehabilitasi."
"Apakah rumah sakit ini menyediakan layanan terapi okupasi?","Ya, kami menyediakan layanan terapi okupasi untuk membantu pasien dengan gangguan fungsional."
"Bagaimana saya bisa mendaftar untuk program kesehatan di rumah sakit ini?","Anda dapat mendaftar untuk program kesehatan melalui situs web kami atau dengan menghubungi pusat layanan pelanggan."
"Apakah ada layanan perawatan paliatif di rumah sakit ini?","Kami menyediakan layanan perawatan paliatif untuk pasien dengan penyakit terminal."
"Apakah rumah sakit ini memiliki fasilitas hemodialisis?","Ya, kami memiliki fasilitas hemodialisis untuk pasien dengan gagal ginjal."
"Bagaimana cara mendapatkan surat keterangan sehat?","Surat keterangan sehat dapat diperoleh setelah pemeriksaan kesehatan di rumah sakit kami."
"Apakah ada layanan imunisasi untuk dewasa di rumah sakit ini?","Kami menyediakan layanan imunisasi untuk dewasa, termasuk vaksin flu dan hepatitis."
"Apakah rumah sakit ini memiliki klinik kulit dan kelamin?","Ya, kami memiliki klinik kulit dan kelamin dengan dokter spesialis yang berpengalaman."
"Apakah ada program pemeriksaan kesehatan tahunan di rumah sakit ini?","Kami menyediakan program pemeriksaan kesehatan tahunan untuk deteksi dini penyakit."
"Bagaimana cara mendapatkan informasi tentang program promosi kesehatan di rumah sakit ini?","Informasi tentang program promosi kesehatan dapat ditemukan di situs web kami atau melalui pusat informasi kesehatan."
